mean,eps,lower,upper,t_crit,se,n,gamma,entropy_type,size_kb,algorithm,dataset_key
0.6107200000000002,0.05860748763170614,0.5521125123682941,0.6693274876317062,2.045229642132704,0.02865570028145691,30,0.95,HIGH_ENTROPY,1,Huffman,HIGH_1KB
0.8588666666666668,0.09750672390085785,0.7613599427658089,0.9563733905675247,2.045229642132704,0.04767519592527555,30,0.95,HIGH_ENTROPY,1,LZW,HIGH_1KB
0.42793333333333333,0.0437529546655762,0.3841803786677571,0.47168628799890955,2.045229642132704,0.021392685576350212,30,0.95,HIGH_ENTROPY,2,Huffman,HIGH_2KB
0.6236333333333332,0.05801687210064613,0.565616461232687,0.6816502054339793,2.045229642132704,0.028366923158881993,30,0.95,HIGH_ENTROPY,2,LZW,HIGH_2KB
0.8470966666666667,0.07867760860757504,0.7684190580590917,0.9257742752742417,2.045229642132704,0.038468838406592036,30,0.95,HIGH_ENTROPY,5,Huffman,HIGH_5KB
1.6144833333333333,0.2388556129310069,1.3756277204023264,1.8533389462643401,2.045229642132704,0.11678669622739062,30,0.95,HIGH_ENTROPY,5,LZW,HIGH_5KB
0.6475866666666666,0.03791166182094931,0.6096750048457173,0.6854983284876159,2.045229642132704,0.01853662837656517,30,0.95,HIGH_ENTROPY,10,Huffman,HIGH_10KB
1.15685,0.05599260065910289,1.100857399340897,1.2128426006591029,2.045229642132704,0.02737717051700634,30,0.95,HIGH_ENTROPY,10,LZW,HIGH_10KB
2.4268033333333334,0.1855177854997536,2.24128554783358,2.612321118833087,2.045229642132704,0.09070755756615244,30,0.95,HIGH_ENTROPY,50,Huffman,HIGH_50KB
5.27731,0.2431564044206566,5.034153595579343,5.520466404420657,2.045229642132704,0.1188895366131602,30,0.95,HIGH_ENTROPY,50,LZW,HIGH_50KB
4.340046666666667,0.2618620615216062,4.0781846051450605,4.601908728188273,2.045229642132704,0.12803553015618546,30,0.95,HIGH_ENTROPY,100,Huffman,HIGH_100KB
11.765666666666668,1.3421831048585595,10.423483561808109,13.107849771525228,2.045229642132704,0.6562505633641078,30,0.95,HIGH_ENTROPY,100,LZW,HIGH_100KB
23.050856666666665,0.7317604939845609,22.319096172682105,23.782617160651224,2.045229642132704,0.35778891470666496,30,0.95,HIGH_ENTROPY,500,Huffman,HIGH_500KB
64.01090333333333,1.2776597917776544,62.73324354155568,65.28856312511098,2.045229642132704,0.6247023637137145,30,0.95,HIGH_ENTROPY,500,LZW,HIGH_500KB
47.87891333333332,1.071602037194742,46.80731129613858,48.950515370528066,2.045229642132704,0.5239519392439997,30,0.95,HIGH_ENTROPY,1024,Huffman,HIGH_1024KB
160.32362999999998,10.126438717686606,150.19719128231338,170.45006871768658,2.045229642132704,4.951247776326506,30,0.95,HIGH_ENTROPY,1024,LZW,HIGH_1024KB
243.13693666666666,10.29013185742695,232.8468048092397,253.4270685240936,2.045229642132704,5.031284333771297,30,0.95,HIGH_ENTROPY,5120,Huffman,HIGH_5120KB
701.70031,33.372204233331374,668.3281057666686,735.0725142333313,2.045229642132704,16.31709395651622,30,0.95,HIGH_ENTROPY,5120,LZW,HIGH_5120KB
0.15980666666666668,0.019105984211407894,0.1407006824552588,0.17891265087807456,2.045229642132704,0.009341730541067628,30,0.95,LOW_ENTROPY,1,Huffman,LOW__1KB
0.14937666666666666,0.013512861250602496,0.13586380541606416,0.16288952791726916,2.045229642132704,0.006607014181797058,30,0.95,LOW_ENTROPY,1,LZW,LOW__1KB
0.15323666666666666,0.01585038028326254,0.1373862863834041,0.1690870469499292,2.045229642132704,0.007749926930813618,30,0.95,LOW_ENTROPY,2,Huffman,LOW__2KB
0.22737,0.019805444087637396,0.20756455591236259,0.2471754440876374,2.045229642132704,0.009683726306149599,30,0.95,LOW_ENTROPY,2,LZW,LOW__2KB
0.22434666666666672,0.025551362711771223,0.1987953039548955,0.24989802937843794,2.045229642132704,0.012493150981875577,30,0.95,LOW_ENTROPY,5,Huffman,LOW__5KB
0.43428000000000005,0.02668902301460963,0.40759097698539043,0.4609690230146097,2.045229642132704,0.013049401624542817,30,0.95,LOW_ENTROPY,5,LZW,LOW__5KB
0.29396,0.025126337546119867,0.26883366245388013,0.31908633754611987,2.045229642132704,0.012285338051290357,30,0.95,LOW_ENTROPY,10,Huffman,LOW__10KB
0.9225333333333334,0.13874938202170153,0.7837839513116319,1.061282715355035,2.045229642132704,0.06784049045808756,30,0.95,LOW_ENTROPY,10,LZW,LOW__10KB
1.0403866666666668,0.08650211070740796,0.9538845559592588,1.1268887773740748,2.045229642132704,0.042294571194071956,30,0.95,LOW_ENTROPY,50,Huffman,LOW__50KB
4.713993333333334,0.45475134155399854,4.259241991779335,5.168744674887332,2.045229642132704,0.22234732578968372,30,0.95,LOW_ENTROPY,50,LZW,LOW__50KB
1.5431933333333332,0.06858067218123182,1.4746126611521013,1.611774005514565,2.045229642132704,0.03353201555876041,30,0.95,LOW_ENTROPY,100,Huffman,LOW__100KB
9.841683333333332,0.6624322156002284,9.179251117733104,10.50411554893356,2.045229642132704,0.3238913625901999,30,0.95,LOW_ENTROPY,100,LZW,LOW__100KB
8.198543333333332,0.7165725002090798,7.481970833124252,8.915115833542412,2.045229642132704,0.35036285678993956,30,0.95,LOW_ENTROPY,500,Huffman,LOW__500KB
68.90643333333334,5.456976227993985,63.449457105339356,74.36340956132733,2.045229642132704,2.6681484150130026,30,0.95,LOW_ENTROPY,500,LZW,LOW__500KB
20.79941,1.15498131766528,19.644428682334723,21.95439131766528,2.045229642132704,0.5647196255482099,30,0.95,LOW_ENTROPY,1024,Huffman,LOW__1024KB
184.76673,12.963347035052724,171.80338296494728,197.73007703505272,2.045229642132704,6.33833324532444,30,0.95,LOW_ENTROPY,1024,LZW,LOW__1024KB
85.70966000000001,1.827627214099955,83.88203278590007,87.53728721409996,2.045229642132704,0.8936048923064505,30,0.95,LOW_ENTROPY,5120,Huffman,LOW__5120KB
936.3948333333334,32.11369336202996,904.2811399713034,968.5085266953633,2.045229642132704,15.701754316714661,30,0.95,LOW_ENTROPY,5120,LZW,LOW__5120KB
0.16382666666666668,0.02106982013369812,0.14275684653296855,0.1848964868003648,2.045229642132704,0.010301933680037586,30,0.95,MEDIUM_ENTROPY,1,Huffman,MEDI_1KB
0.14223333333333335,0.009634049675102542,0.13259928365823082,0.15186738300843589,2.045229642132704,0.004710497773275203,30,0.95,MEDIUM_ENTROPY,1,LZW,MEDI_1KB
0.19092333333333336,0.02293937562164368,0.16798395771168967,0.21386270895497705,2.045229642132704,0.011216039093645831,30,0.95,MEDIUM_ENTROPY,2,Huffman,MEDI_2KB
0.24479,0.024480810019412526,0.2203091899805875,0.26927081001941255,2.045229642132704,0.01196971211207592,30,0.95,MEDIUM_ENTROPY,2,LZW,MEDI_2KB
0.2711866666666667,0.015677068408390945,0.25550959825827574,0.28686373507505764,2.045229642132704,0.007665187363529198,30,0.95,MEDIUM_ENTROPY,5,Huffman,MEDI_5KB
0.4557733333333333,0.06372200646520138,0.39205132686813193,0.5194953397985347,2.045229642132704,0.031156406670672925,30,0.95,MEDIUM_ENTROPY,5,LZW,MEDI_5KB
0.4351433333333333,0.03497991883150266,0.4001634145018307,0.47012325216483597,2.045229642132704,0.017103174191738513,30,0.95,MEDIUM_ENTROPY,10,Huffman,MEDI_10KB
0.8348433333333334,0.07938642550309778,0.7554569078302356,0.9142297588364312,2.045229642132704,0.03881540921747839,30,0.95,MEDIUM_ENTROPY,10,LZW,MEDI_10KB
1.6099566666666665,0.15601301842011997,1.4539436482465464,1.7659696850867865,2.045229642132704,0.07628141857822592,30,0.95,MEDIUM_ENTROPY,50,Huffman,MEDI_50KB
4.053333333333333,0.15117357233174816,3.9021597610015846,4.204506905665081,2.045229642132704,0.07391520698580767,30,0.95,MEDIUM_ENTROPY,50,LZW,MEDI_50KB
3.1966433333333333,0.15959901383782366,3.0370443194955095,3.356242347171157,2.045229642132704,0.07803476467874708,30,0.95,MEDIUM_ENTROPY,100,Huffman,MEDI_100KB
8.39598,1.0114226041975118,7.384557395802488,9.407402604197511,2.045229642132704,0.4945276478307007,30,0.95,MEDIUM_ENTROPY,100,LZW,MEDI_100KB
14.314773333333333,1.1845751563939386,13.130198176939395,15.499348489727272,2.045229642132704,0.5791893154642035,30,0.95,MEDIUM_ENTROPY,500,Huffman,MEDI_500KB
35.16897000000001,0.7868567392147979,34.38211326078521,35.95582673921481,2.045229642132704,0.38472781882541435,30,0.95,MEDIUM_ENTROPY,500,LZW,MEDI_500KB
32.583416666666665,1.0820063305355012,31.501410336131162,33.665422997202164,2.045229642132704,0.5290390419958991,30,0.95,MEDIUM_ENTROPY,1024,Huffman,MEDI_1024KB
86.11771333333336,6.282905686341351,79.834807646992,92.4006190196747,2.045229642132704,3.0719805526531125,30,0.95,MEDIUM_ENTROPY,1024,LZW,MEDI_1024KB
138.3744466666667,3.1293607586767074,135.24508590799,141.5038074253434,2.045229642132704,1.5300779404964542,30,0.95,MEDIUM_ENTROPY,5120,Huffman,MEDI_5120KB
388.36056333333335,13.961892181510764,374.39867115182255,402.32245551484414,2.045229642132704,6.826564554849559,30,0.95,MEDIUM_ENTROPY,5120,LZW,MEDI_5120KB
