label,n,mean,median,std,var,cv_pct,min,max,entropy_type,size_kb,algorithm
HIGH_ENTROPY/1KB/Huffman,30,0.6107200000000002,0.57135,0.15695373445261088,0.02463447475862069,25.699786228158704,0.3928,1.1007,HIGH_ENTROPY,1,Huffman
HIGH_ENTROPY/1KB/LZW,30,0.8588666666666668,0.7938000000000001,0.261127802417518,0.06818772919540231,30.40376493256826,0.4815,1.5945,HIGH_ENTROPY,1,LZW
HIGH_ENTROPY/2KB/Huffman,30,0.42793333333333333,0.4144,0.11717256455782417,0.013729409885057473,27.381032378366765,0.2948,0.7114,HIGH_ENTROPY,2,Huffman
HIGH_ENTROPY/2KB/LZW,30,0.6236333333333332,0.5953999999999999,0.15537203701135371,0.02414046988505747,24.914004545088527,0.4282,1.013,HIGH_ENTROPY,2,LZW
HIGH_ENTROPY/5KB/Huffman,30,0.8470966666666667,0.78345,0.21070250556311548,0.04439554585057471,24.873490104999682,0.5661,1.3766,HIGH_ENTROPY,5,Huffman
HIGH_ENTROPY/5KB/LZW,30,1.6144833333333333,1.5314,0.6396670794024533,0.40917397247126447,39.62054399668335,0.9156,4.0823,HIGH_ENTROPY,5,LZW
HIGH_ENTROPY/10KB/Huffman,30,0.6475866666666666,0.6382,0.10152929501935111,0.010308197747126433,15.678101518358076,0.4574,0.8537,HIGH_ENTROPY,10,Huffman
HIGH_ENTROPY/10KB/LZW,30,1.15685,1.1221999999999999,0.14995093852829744,0.022485283965517237,12.962003589773735,0.9706,1.5413,HIGH_ENTROPY,10,LZW
HIGH_ENTROPY/50KB/Huffman,30,2.4268033333333334,2.39155,0.49682575415180097,0.24683582998850578,20.472435789404756,1.8519,4.1749,HIGH_ENTROPY,50,Huffman
HIGH_ENTROPY/50KB/LZW,30,5.27731,5.13155,0.6511848105436419,0.42404165748275874,12.339332170057128,4.4603,7.2487,HIGH_ENTROPY,50,LZW
HIGH_ENTROPY/100KB/Huffman,30,4.340046666666667,4.0699000000000005,0.7012794802867572,0.49179290947126436,16.15833962507524,3.6677,6.8041,HIGH_ENTROPY,100,Huffman
HIGH_ENTROPY/100KB/LZW,30,11.765666666666668,11.0806,3.594432369299952,12.919944057471264,30.55018020766596,8.7182,29.2348,HIGH_ENTROPY,100,LZW
HIGH_ENTROPY/500KB/Huffman,30,23.050856666666665,23.33365,1.9596905941013227,3.8403872246091955,8.501595504409988,18.7439,27.7708,HIGH_ENTROPY,500,Huffman
HIGH_ENTROPY/500KB/LZW,30,64.01090333333333,64.6054,3.421635763327982,11.707591296885061,5.345395214171558,57.8626,69.9734,HIGH_ENTROPY,500,LZW
HIGH_ENTROPY/1024KB/Huffman,30,47.87891333333332,47.67115,2.8698029617251497,8.23576903912644,5.993876556356995,43.1432,55.6713,HIGH_ENTROPY,1024,Huffman
HIGH_ENTROPY/1024KB/LZW,30,160.32362999999998,154.89195,27.119100948913204,735.445636277345,16.915223881166614,129.4351,295.6591,HIGH_ENTROPY,1024,LZW
HIGH_ENTROPY/5120KB/Huffman,30,243.13693666666666,237.9625,27.55747922828891,759.4146614175746,11.334139356238323,208.7353,326.7256,HIGH_ENTROPY,5120,Huffman
HIGH_ENTROPY/5120KB/LZW,30,701.70031,685.5877,89.37240432915154,7987.426655573344,12.736549073086707,542.0152,877.171,HIGH_ENTROPY,5120,LZW
LOW_ENTROPY/1KB/Huffman,30,0.15980666666666668,0.1611,0.05116676543477681,0.0026180378850574706,32.01791671276342,0.0955,0.2688,LOW_ENTROPY,1,Huffman
LOW_ENTROPY/1KB/LZW,30,0.14937666666666666,0.14100000000000001,0.03618810705126787,0.0013095790919540233,24.226077511838888,0.1039,0.2299,LOW_ENTROPY,1,LZW
LOW_ENTROPY/2KB/Huffman,30,0.15323666666666666,0.1498,0.042448097990233975,0.0018018410229885056,27.701005845141925,0.1011,0.2681,LOW_ENTROPY,2,Huffman
LOW_ENTROPY/2KB/LZW,30,0.22737,0.2146,0.053039953385843136,0.0028132366551724126,23.327595278991573,0.1651,0.3993,LOW_ENTROPY,2,LZW
LOW_ENTROPY/5KB/Huffman,30,0.22434666666666672,0.21315,0.06842780607091069,0.004682364643678162,30.500923899431235,0.144,0.3825,LOW_ENTROPY,5,Huffman
LOW_ENTROPY/5KB/LZW,30,0.43428000000000005,0.42369999999999997,0.07147451631706661,0.005108606482758621,16.45816439096127,0.346,0.6741,LOW_ENTROPY,5,LZW
LOW_ENTROPY/10KB/Huffman,30,0.29396,0.2762,0.06728956777268288,0.004527885931034483,22.890722469956078,0.2172,0.4348,LOW_ENTROPY,10,Huffman
LOW_ENTROPY/10KB/LZW,30,0.9225333333333334,0.8277,0.3715776693610854,0.1380699643678161,40.277966761210294,0.6787,2.7234,LOW_ENTROPY,10,LZW
LOW_ENTROPY/50KB/Huffman,30,1.0403866666666668,1.03175,0.2316569070300142,0.05366492257471265,22.26642405676231,0.7362,1.4964,LOW_ENTROPY,50,Huffman
LOW_ENTROPY/50KB/LZW,30,4.713993333333334,4.31175,1.2178464593595995,1.4831499985747125,25.83470898755901,3.5559,8.943,LOW_ENTROPY,50,LZW
LOW_ENTROPY/100KB/Huffman,30,1.5431933333333332,1.50625,0.18366241320147275,0.03373188202298851,11.901451959020436,1.3793,2.2191,LOW_ENTROPY,100,Huffman
LOW_ENTROPY/100KB/LZW,30,9.841683333333332,9.361650000000001,1.7740260547173738,3.1471684428160906,18.025636414340102,8.2311,17.9626,LOW_ENTROPY,100,LZW
LOW_ENTROPY/500KB/Huffman,30,8.198543333333332,7.428699999999999,1.9190163997580194,3.6826239425402307,23.406797058152442,6.637,16.0147,LOW_ENTROPY,500,Huffman
LOW_ENTROPY/500KB/LZW,30,68.90643333333334,65.4109,14.61405073674277,213.57047893609192,21.208543280781385,53.1893,129.1435,LOW_ENTROPY,500,LZW
LOW_ENTROPY/1024KB/Huffman,30,20.79941,21.2223,3.0930967757862526,9.567247664379313,14.871079399782264,15.2381,28.4112,LOW_ENTROPY,1024,Huffman
LOW_ENTROPY/1024KB/LZW,30,184.76673,174.45135,34.71648095449122,1205.2340498635515,18.789357236820297,150.4046,340.3281,LOW_ENTROPY,1024,LZW
LOW_ENTROPY/5120KB/Huffman,30,85.70966000000001,84.91075000000001,4.894475570132176,23.95589110662069,5.7105296767390925,74.0894,97.3706,LOW_ENTROPY,5120,Huffman
LOW_ENTROPY/5120KB/LZW,30,936.3948333333334,946.9220499999999,86.00205031668736,7396.3526586740245,9.184378987925573,786.9426,1110.1581,LOW_ENTROPY,5120,LZW
MEDIUM_ENTROPY/1KB/Huffman,30,0.16382666666666668,0.15365,0.05642601462478794,0.0031838951264367824,34.442509130455726,0.1154,0.3808,MEDIUM_ENTROPY,1,Huffman
MEDIUM_ENTROPY/1KB/LZW,30,0.14223333333333335,0.1363,0.025800458875006843,0.0006656636781609194,18.13953049566921,0.1148,0.2064,MEDIUM_ENTROPY,1,LZW
MEDIUM_ENTROPY/2KB/Huffman,30,0.19092333333333336,0.18295,0.0614327761744962,0.0037739859885057474,32.176672752324414,0.1429,0.4282,MEDIUM_ENTROPY,2,Huffman
MEDIUM_ENTROPY/2KB/LZW,30,0.24479,0.22485,0.06556081330626787,0.00429822024137931,26.78247203981693,0.1896,0.4734,MEDIUM_ENTROPY,2,LZW
MEDIUM_ENTROPY/5KB/Huffman,30,0.2711866666666667,0.2736,0.041983960265084934,0.0017626529195402306,15.481572446439696,0.213,0.3612,MEDIUM_ENTROPY,5,Huffman
MEDIUM_ENTROPY/5KB/LZW,30,0.4557733333333333,0.4274,0.17065066744331991,0.029121650298850568,37.442003505394474,0.3664,1.3127,MEDIUM_ENTROPY,5,LZW
MEDIUM_ENTROPY/10KB/Huffman,30,0.4351433333333333,0.44845,0.0936779430975537,0.008775557022988508,21.528065793850388,0.331,0.788,MEDIUM_ENTROPY,10,Huffman
MEDIUM_ENTROPY/10KB/LZW,30,0.8348433333333334,0.7911,0.21260075207206863,0.0451990797816092,25.46594595457854,0.6752,1.7532,MEDIUM_ENTROPY,10,LZW
MEDIUM_ENTROPY/50KB/Huffman,30,1.6099566666666665,1.4905,0.41781053673787993,0.17456564460919533,25.951663506753597,1.2378,3.1321,MEDIUM_ENTROPY,50,Huffman
MEDIUM_ENTROPY/50KB/LZW,30,4.053333333333333,4.14175,0.404850262087903,0.16390373471264374,9.988082123879186,3.2819,4.7778,MEDIUM_ENTROPY,50,LZW
MEDIUM_ENTROPY/100KB/Huffman,30,3.1966433333333333,3.162,0.42741400884157155,0.182682734954023,13.370713097225053,2.4942,4.2485,MEDIUM_ENTROPY,100,Huffman
MEDIUM_ENTROPY/100KB/LZW,30,8.39598,7.8506,2.708639480268455,7.336727834068967,32.26114736181429,6.7928,22.1194,MEDIUM_ENTROPY,100,LZW
MEDIUM_ENTROPY/500KB/Huffman,30,14.314773333333333,13.58825,3.1723505314572003,10.063807894436781,22.161374529557346,11.8228,28.9181,MEDIUM_ENTROPY,500,Huffman
MEDIUM_ENTROPY/500KB/LZW,30,35.16897000000001,34.9041,2.1072410487044015,4.440464837344826,5.9917621946403345,31.6203,40.9859,MEDIUM_ENTROPY,500,LZW
MEDIUM_ENTROPY/1024KB/Huffman,30,32.583416666666665,33.05325,2.8976661710207683,8.39646923867816,8.893070363566647,25.9576,38.0327,MEDIUM_ENTROPY,1024,Huffman
MEDIUM_ENTROPY/1024KB/LZW,30,86.11771333333336,80.2527,16.825930449052965,283.1119354763677,19.538292179130814,72.3802,137.4269,MEDIUM_ENTROPY,1024,LZW
MEDIUM_ENTROPY/5120KB/Huffman,30,138.3744466666667,138.32665,8.380582027509552,70.23415511981612,6.056452061338843,122.6418,156.5328,MEDIUM_ENTROPY,5120,Huffman
MEDIUM_ENTROPY/5120KB/LZW,30,388.36056333333335,380.2857,37.39063396956316,1398.0595086458507,9.627814330228594,348.9748,539.1522,MEDIUM_ENTROPY,5120,LZW
